{
    "images": [
        "image1_F.jpg",
        "image2_F.jpg",
        "image3_F.jpg",
        "image4_F.jpg"
    ],
    "loc": [
        [
            5.527582541388143,
            0.09813480168707225,
            1.9052484374930232
        ],
        [
            0.8945799583479292,
            0.03226412514601547,
            1.1257831366892677
        ],
        [
            -2.9374993525938953,
            -0.05495930114532361,
            -0.587319976526219
        ],
        [
            -2.870507178319006,
            -0.07954110752296428,
            -3.150586278735097
        ]
    ],
    "front": [
        [
            4.527616090878458,
            0.09328368487798115,
            1.8986480950196403
        ],
        [
            -0.10530465121235388,
            0.022783312420013822,
            1.1139137746788075
        ],
        [
            -3.9373309865254504,
            -0.07005452363902154,
            -0.5977525240397706
        ],
        [
            -3.870366378403791,
            -0.09369346140220018,
            -3.1596024245575083
        ]
    ]
}